{"cameraMode":{"drawMode":0,"name":"Shaded","section":"Shading Mode"},"sceneLighting":true,"audioPlay":false,"sceneViewState":{"m_AlwaysRefresh":false,"showFog":true,"showSkybox":true,"showFlares":true,"showImageEffects":true,"showParticleSystems":true,"showVisualEffectGraphs":true,"m_FxEnabled":true},"in2DMode":false,"pivot":{"x":-0.6440458297729492,"y":0.48870745301246645,"z":0.8690598011016846},"rotation":{"x":0.08626272529363632,"y":-0.403491735458374,"z":0.038244541734457019,"w":0.9101166129112244},"size":0.9164264798164368,"orthographic":true}