{"cameraMode":{"drawMode":0,"name":"Shaded","section":"Shading Mode"},"sceneLighting":true,"audioPlay":false,"sceneViewState":{"m_AlwaysRefresh":false,"showFog":true,"showSkybox":true,"showFlares":true,"showImageEffects":true,"showParticleSystems":true,"showVisualEffectGraphs":true,"m_FxEnabled":true},"in2DMode":false,"pivot":{"x":0.7343055605888367,"y":0.10206680744886399,"z":3.6939077377319338},"rotation":{"x":0.18039830029010774,"y":-0.03381554037332535,"z":0.006892846431583166,"w":0.9831231236457825},"size":2.5289642810821535,"orthographic":true}