{"cameraMode":{"drawMode":0,"name":"Shaded","section":"Shading Mode"},"sceneLighting":true,"audioPlay":false,"sceneViewState":{"m_AlwaysRefresh":false,"showFog":true,"showSkybox":true,"showFlares":true,"showImageEffects":true,"showParticleSystems":true,"showVisualEffectGraphs":true,"m_FxEnabled":true},"in2DMode":false,"pivot":{"x":-1.3748950958251954,"y":0.5962114334106445,"z":1.0932092666625977},"rotation":{"x":0.010498342104256153,"y":-0.016498394310474397,"z":0.0001732400996843353,"w":0.9998086094856262},"size":3.1628916263580324,"orthographic":true}